"3375","dominika72","LBRZWZCB","ЗАО Хоз","Est molestiae itaque aut aliquid eligendi earum."
"57","mprokorov","OXWCIXY12L9","ЗАО КрепСтрой","Porro porro sit eos necessitatibus natus."
"22","inessa63","WVKMGM1Q","ОАО ЭлектроУралУралМашина","Molestiae eius omnis minus odit aliquid ut vitae."
"21623900","bmedvedev","VXNAMK8M","ООО Компания ТяжТехЛифт","Quibusdam nemo aut explicabo nihil eveniet corrupti mollitia."
"44506","leonid22","CQAWLDOYKJN","ООО Компания ТрансТекстильКрепЛизинг","Magni accusamus omnis atque eius suscipit quis facilis."
"5","calekseev","AIQQQIAF","ОАО КрепТрансЖелДор","Distinctio nesciunt sint voluptas voluptas et."
"873331344","eduard56","VOXVAPLL37F","ОАО АсбоцементЦементМетизТраст","Distinctio exercitationem numquam sit vel ab similique quaerat."
"1","ubragin","LYMWHM0Q","ООО Креп","Voluptatem debitis provident laboriosam."
"9","rodionov.kseniy","MFUFDRG35TZ","ООО Компания Электро","Ut harum ullam magnam amet."
"34771033","gusev.polina","SOSUAC0X","ОАО ТекстильТверьМетиз","Non dolores minima accusantium asperiores incidunt nisi."
